{
    "loss": 1.901416301727295,
    "accuracy": 0.843137264251709
}