{
    "loss": 6.427001953125,
    "accuracy": 0.7843137383460999
}