{
    "loss": 0.43343254923820496,
    "accuracy": 0.9117646813392639
}