{
    "loss": 0.44664955139160156,
    "accuracy": 0.9117646813392639
}